"1","World of Warcraft bot"
"2","Diablo 3 bot"
"3","Path of Exile bot"
"7","127.0.0.1","1","108"
"8","127.0.0.1","1","109"
"6","127.0.0.1","1","110"
"1","World of Warcraft bot"
"2","Diablo 3 bot"
"3","Path of Exile bot"
"9","127.0.0.1","Rafeeq","dutoit1998@gmail.com","Gigabit","South Africa","Cape Town","asdf","Bom_Bot (1).jpg","123"
"10","127.0.0.1","asdf","asdf","asdf","Wakanda","asdf","asdf","book.png","asdf"
"5","1","1","World of Warcraft 30 Day Bot","30","Best bot 2019","Bom_Bot (1).jpg","Hacks bot 2019 best bot"
"6","2","2","Diablo 3 30 Day bot","30","Best diablo 3 bot 2019","306-3061677_key-for-the-bot-diablo-3-demon-buddy.png","bot diablo"
"7","3","3","Path of Exile 30 Day Bot","30","Best bot 2019","19-gifs-that-prove-the-robotic-uprising-will-happ-2-17124-1427944870-0_dblbig.jpg","bot"
"8","1","1","child","69","123","brick.jpg","asdfg"
